asset,horizon,sign_partial,CI_low,CI_high,CI_above_zero
SPX,5,0.003560562620682918,-0.06277016872974142,0.07931164100267973,False
SPX,10,-0.005728769460055694,-0.09444253961399542,0.08062746482790042,False
SPX,20,-0.011539322089091034,-0.10598244511173724,0.08485113510920034,False
NASDAQ,5,0.006205318715459237,-0.06448406180286308,0.08148974264122562,False
NASDAQ,10,-0.010347832880256251,-0.10552984521188885,0.07343750511115126,False
NASDAQ,20,-0.00635358583310634,-0.10350844146499312,0.09653816471160671,False
KOSPI,5,-0.009809193978323482,-0.0850316051515253,0.06692255805211691,False
KOSPI,10,0.0010667188981369584,-0.08440577591557018,0.08884263118544804,False
KOSPI,20,0.023163530421697155,-0.06043569658373231,0.11394007503571438,False
KOSDAQ,5,0.14881632967732275,0.0821199810041678,0.21441519472554665,True
KOSDAQ,10,0.19902927887233027,0.12047824906309426,0.2731985123876387,True
KOSDAQ,20,0.23301471328306458,0.14316032089739383,0.31007004763517915,True
Samsung,5,0.0040815102537275745,-0.05246192543652926,0.06545393108844016,False
Samsung,10,0.003268726740284055,-0.06999470217669258,0.07847330719978865,False
Samsung,20,-0.0016814516541477696,-0.07950961607429453,0.08392384910945845,False
SK Hynix,5,-0.03584685734938306,-0.10224856642568164,0.03552338959949517,False
SK Hynix,10,-0.025119890906167737,-0.11355408493941711,0.060993723888251146,False
SK Hynix,20,-0.02455306399218952,-0.11480135852604437,0.06552322703533853,False
NAVER,5,-0.03430291117611269,-0.10053047852812912,0.028198790535684946,False
NAVER,10,-0.04317288445813731,-0.12549225501149744,0.03898766221396901,False
NAVER,20,-0.03866690078811705,-0.12223871056707589,0.053299468628379185,False
LG Chem,5,-0.09587494931852077,-0.15855150269124654,-0.033540504197034464,False
LG Chem,10,-0.1286181045221662,-0.21505574419921747,-0.05302497689124318,False
LG Chem,20,-0.1344387981879045,-0.2263847497204579,-0.03951367002562444,False
