asset,horizon,quintile,n,n_Ze_negative,n_Ze_positive,rank_diff_negative_minus_positive
SPX,5,1,1005,407,598,15.608539521583054
SPX,5,2,1005,377,628,59.78484177803307
SPX,5,3,1005,382,623,-12.782831763212982
SPX,5,4,1005,385,620,46.66281943862589
SPX,5,5,1005,337,668,25.732600081735598
SPX,10,1,1004,407,597,4.266335773873493
SPX,10,2,1004,376,628,71.54299363057322
SPX,10,3,1004,383,621,-8.119616721955197
SPX,10,4,1004,385,619,23.607049493317618
SPX,10,5,1004,337,667,17.502409032872265
SPX,20,1,1002,408,594,31.761091305208993
SPX,20,2,1002,376,626,50.18599177486237
SPX,20,3,1002,383,619,-1.7687797635367701
SPX,20,4,1002,384,618,20.617440331715272
SPX,20,5,1002,337,665,-4.343691573146543
NASDAQ,5,1,1005,390,615,8.635834896810536
NASDAQ,5,2,1005,383,622,4.041498409073711
NASDAQ,5,3,1005,393,612,13.229182258144988
NASDAQ,5,4,1005,394,611,54.63889604293536
NASDAQ,5,5,1005,400,605,75.18811983471079
NASDAQ,10,1,1004,389,615,0.19514703116180954
NASDAQ,10,2,1004,384,620,-20.014213709677392
NASDAQ,10,3,1004,392,612,5.201964118980925
NASDAQ,10,4,1004,395,609,40.21968364823016
NASDAQ,10,5,1004,400,604,79.04422185430462
NASDAQ,20,1,1002,391,611,24.94503999564671
NASDAQ,20,2,1002,383,619,-17.558890149613887
NASDAQ,20,3,1002,391,611,-0.543149672877064
NASDAQ,20,4,1002,394,608,48.4745608469143
NASDAQ,20,5,1002,400,602,67.49768272425251
KOSPI,5,1,984,378,606,8.956467075278965
KOSPI,5,2,984,403,581,-22.4143536215048
KOSPI,5,3,983,376,607,-46.58043131550352
KOSPI,5,4,984,383,601,-13.951004201005276
KOSPI,5,5,984,391,593,5.4003441687548275
KOSPI,10,1,983,378,605,17.2408631772268
KOSPI,10,2,983,403,580,-17.75153161632585
KOSPI,10,3,982,376,606,-33.80559651709848
KOSPI,10,4,983,383,600,-28.33076153176677
KOSPI,10,5,983,391,592,-3.0449082394414972
KOSPI,20,1,981,378,603,24.446023849008952
KOSPI,20,2,981,402,579,-7.544273451395895
KOSPI,20,3,980,376,604,-18.14111596449203
KOSPI,20,4,981,383,598,-14.177414706986724
KOSPI,20,5,981,391,590,-0.5655771814989521
KOSDAQ,5,1,984,359,625,92.9531899721448
KOSDAQ,5,2,984,382,602,118.5263780417805
KOSDAQ,5,3,984,367,617,68.65303238399741
KOSDAQ,5,4,984,407,577,101.89706139099553
KOSDAQ,5,5,984,424,560,87.1940700808625
KOSDAQ,10,1,983,359,624,121.25141061352758
KOSDAQ,10,2,983,381,602,125.77970195586016
KOSDAQ,10,3,983,367,616,98.02519551293392
KOSDAQ,10,4,983,406,577,132.04045470456163
KOSDAQ,10,5,983,424,559,107.72040284200227
KOSDAQ,20,1,981,356,625,136.0569842696629
KOSDAQ,20,2,981,378,603,113.93224354418385
KOSDAQ,20,3,981,366,615,95.76833266693325
KOSDAQ,20,4,981,405,576,161.80949074074073
KOSDAQ,20,5,981,424,557,152.86898309677855
Samsung,5,1,989,390,599,12.425474080732897
Samsung,5,2,988,355,633,37.611401108070254
Samsung,5,3,988,367,621,-6.201362836595592
Samsung,5,4,988,392,596,2.7783694014518687
Samsung,5,5,988,354,634,38.07856137161593
Samsung,10,1,988,390,598,-11.472017837235228
Samsung,10,2,987,355,632,39.42105098948116
Samsung,10,3,987,367,620,10.26299551727169
Samsung,10,4,987,392,595,-1.531872749099648
Samsung,10,5,987,354,633,38.44808150587727
Samsung,20,1,986,390,596,-20.344415763207678
Samsung,20,2,985,355,630,45.98428347864973
Samsung,20,3,985,367,618,10.779124009065015
Samsung,20,4,985,392,593,3.529721753794263
Samsung,20,5,985,354,631,24.407384028579884
SK Hynix,5,1,989,374,615,42.82613799400025
SK Hynix,5,2,988,360,628,-26.6359695682944
SK Hynix,5,3,988,369,619,-15.197770685299758
SK Hynix,5,4,988,398,590,10.737484030321127
SK Hynix,5,5,988,376,612,-19.14069670421361
SK Hynix,10,1,988,374,614,37.369027504398275
SK Hynix,10,2,987,361,626,-33.2325144035471
SK Hynix,10,3,987,368,619,-4.280905387370922
SK Hynix,10,4,987,398,589,29.29144448899848
SK Hynix,10,5,987,376,611,-13.52454991816694
SK Hynix,20,1,986,374,612,41.22333630421872
SK Hynix,20,2,985,360,625,-22.57619999999997
SK Hynix,20,3,985,368,617,-0.10845342118244616
SK Hynix,20,4,985,398,587,15.726203419140006
SK Hynix,20,5,985,377,608,-25.452651647354458
NAVER,5,1,989,379,610,-3.708910420000848
NAVER,5,2,988,384,604,-22.338369205298022
NAVER,5,3,988,367,621,-44.684059726116345
NAVER,5,4,988,356,632,-29.99235528374345
NAVER,5,5,988,332,656,-37.72048560094038
NAVER,10,1,988,380,608,-27.190953947368428
NAVER,10,2,987,383,604,-36.99991354417028
NAVER,10,3,987,368,619,-44.53354814918873
NAVER,10,4,987,355,632,-21.1116642895347
NAVER,10,5,987,332,655,-56.848041019037964
NAVER,20,1,986,381,605,-50.62925316153667
NAVER,20,2,985,383,602,-25.34207125074812
NAVER,20,3,985,368,617,-33.03925022901842
NAVER,20,4,985,354,631,-22.202561623107385
NAVER,20,5,985,332,653,-43.21721802985297
LG Chem,5,1,989,403,586,-33.5679058088229
LG Chem,5,2,988,423,565,-47.32784367873802
LG Chem,5,3,988,430,558,-31.19978327915311
LG Chem,5,4,988,399,589,-32.16735386854231
LG Chem,5,5,988,386,602,-3.82237102576903
LG Chem,10,1,988,403,585,-51.2261373035567
LG Chem,10,2,987,422,565,-84.96073480686152
LG Chem,10,3,987,431,556,-67.46919077267194
LG Chem,10,4,987,399,588,-39.19611528822054
LG Chem,10,5,987,386,601,-14.703783849025342
LG Chem,20,1,986,402,584,-39.697369317794596
LG Chem,20,2,985,421,564,-90.45884503293411
LG Chem,20,3,985,429,556,-88.92602002314237
LG Chem,20,4,985,398,587,-44.56460325477468
LG Chem,20,5,985,386,599,-19.5411826273496
