asset,horizon,R4_rho,R6_rho,R4_partial,R6_partial,sign_partial,sign_rank_diff,R6_negative_rho,R6_positive_rho,R6_negative_partial,R6_positive_partial,D_rho,D_partial
SPX,5,0.19230262111936045,0.15403832150644883,0.09095049470447265,0.10361919756128558,0.003560562620682918,21.077846093458447,0.02653424219919322,0.05983920804990024,0.030458753399167194,0.029250214252108574,0.2546320702581817,0.07657207609186649
SPX,10,0.1753226621657515,0.14793470463599342,0.09253426310490157,0.10589124955557133,-0.005728769460055694,5.887008537434667,0.0200996234041563,0.06430021227912062,0.022354113844505172,0.03970379987779629,0.21402382082146792,0.06912646853051493
SPX,20,0.1433857853950303,0.1275197323075496,0.07363519538075444,0.09119790667273325,-0.011539322089091034,-10.93692220636649,0.012348304067011751,0.05996945374570726,0.014047943918490575,0.03880423253254894,0.18016219762263527,0.0610825945794734
NASDAQ,5,0.2093758217392587,0.15341816349377915,0.09868269122359466,0.09844736146287378,0.006205318715459237,89.73452938552464,0.05496098474920581,0.028532922092772108,0.03640087290062956,0.018502503003653515,0.24793669647112643,0.06465621307731906
NASDAQ,10,0.1904598517809536,0.1565770889207153,0.09833163575841489,0.11089456847271917,-0.010347832880256251,51.25350957355977,0.04746868003976779,0.03742758392170095,0.03128136874320829,0.02963393424192281,0.2105097394075902,0.057734722840977824
NASDAQ,20,0.16916738543245408,0.1395341613504334,0.09326707472330402,0.10071279098841177,-0.00635358583310634,51.68095867160628,0.04328461907043963,0.03305612916119889,0.03001038784197791,0.02584091335656237,0.17925044718313768,0.05477361302993343
KOSPI,5,0.13553727954383918,0.1077800138639099,0.04936973249467419,0.0653914907498166,-0.009809193978323482,19.50029165151409,0.019538107109839234,0.038410914926869016,0.011121796719772831,0.02485391277015339,0.18600684151391453,0.04487549049280364
KOSPI,10,0.11614122193237156,0.09086357955536517,0.049159728925230635,0.05712026749342753,0.0010667188981369584,39.75894468017577,0.022897532145540217,0.0256752831702029,0.016378531728662042,0.014619934741266879,0.14659032385574725,0.036796718519516526
KOSPI,20,0.13041085436188887,0.10053915253188866,0.0852146566331476,0.07708569790142793,0.023163530421697155,102.98588979310261,0.05103268548626387,0.0007710319825299035,0.04662176375256211,-0.00722706973709275,0.1313103881612061,0.05706727618079403
KOSDAQ,5,0.2809345963596053,0.15749312506046007,0.18647981344145492,0.12013671163156492,0.14881632967732275,437.21188625973537,0.17983991050581208,-0.10143064304207282,0.1683808972006211,-0.10790239213544682,0.3527182594244269,0.19582090157631085
KOSDAQ,10,0.2832942716826897,0.1465356232905275,0.21108576223421488,0.11564427553377289,0.19902927887233027,558.7530203428191,0.2198838667351684,-0.14885031070682472,0.21065862936477472,-0.15451441525954318,0.3519665861512418,0.240101615553738
KOSDAQ,20,0.2947664605732827,0.1414712693380849,0.2379527813448357,0.11560091878055684,0.23301471328306458,644.0545795053135,0.24885136026051444,-0.18196538701892825,0.24035009877427446,-0.1858473507138354,0.34581769696971915,0.2615510453211764
Samsung,5,0.16089514609165784,0.15221813496925243,0.06292680719745385,0.08909263066571203,0.0040815102537275745,51.020927937850956,0.04118980453135335,0.04387266768216417,0.039729009176606864,0.007284577564142662,0.2141779418439395,0.07115910226004038
Samsung,10,0.13678727586197503,0.12567191380399328,0.06339887097514225,0.0773325820544097,0.003268726740284055,45.50627128032056,0.04009422564866337,0.028128912330237055,0.03848253666851667,0.00047366132891747713,0.1806056032967701,0.07523089052606495
Samsung,20,0.1192632048891507,0.11180983082969462,0.06316532778820864,0.07458951979452935,-0.0016814516541477696,32.95646695077585,0.0340328212753447,0.027130696225269153,0.032469536650687886,0.0060733179987368805,0.150984159137624,0.0709510205043528
SK Hynix,5,0.13239949591417705,0.12484243485239749,0.03936808082591153,0.06775859188333767,-0.03584685734938306,-51.62928872225211,-0.0056500007951101805,0.0778099454388886,-0.013767307385380165,0.05376181147085937,0.1837324342360669,0.03997186763145366
SK Hynix,10,0.11582891050508319,0.10354867649000678,0.04304491526332833,0.057844837480902925,-0.025119890906167737,-31.724662602978242,0.0014131424712768219,0.05789022946852561,-0.00454033248444708,0.037977617229188174,0.15062184611144974,0.03837946381816093
SK Hynix,20,0.09231998040618486,0.08872750306455417,0.03945613699272472,0.05543884119033451,-0.02455306399218952,-32.19160091503318,0.0008258655453214105,0.050581926782683764,-0.0035584959143891612,0.03603862611130169,0.1073843231600808,0.025010278078094854
NAVER,5,0.1314353019447634,0.11946935290574232,0.039343230908085995,0.06431280650876817,-0.03430291117611269,-72.20289345728497,-0.012339556834402875,0.08240363617828352,-0.01200691522678419,0.05115072931806111,0.17707397634502167,0.018458799689221886
NAVER,10,0.09876168171714717,0.09749632222715561,0.03631193263479172,0.059275594968401915,-0.04317288445813731,-91.22017366172577,-0.01860826100361069,0.07567200238662504,-0.018247765669848218,0.053757676061736086,0.11494788397509087,0.0070057543110483966
NAVER,20,0.10486683578509982,0.10441114554686144,0.06635949592256969,0.08006362290131168,-0.03866690078811705,-64.14666377386311,-0.0066324843597106616,0.0672295829586038,-0.006028468325590802,0.052569458217301884,0.06829510775484779,-0.0019699102379774993
LG Chem,5,0.11899493153886226,0.12522863868502743,0.04376162669370616,0.10008288300674249,-0.09587494931852077,-188.14122360610418,-0.050124854862423344,0.12611005952132898,-0.05391310811687801,0.11710674193981765,0.11158244072310698,-0.026419312397756658
LG Chem,10,0.0757896184636479,0.10735473419954916,0.018279062550884278,0.08759645830690037,-0.1286181045221662,-277.44114271563376,-0.07999799835096902,0.14806954063074293,-0.0831133673777979,0.14108784038322197,0.04237527622643348,-0.06607656834288118
LG Chem,20,0.05266306805749352,0.10433344943626857,0.012373610880348338,0.09035965894634153,-0.1344387981879045,-292.5937346448468,-0.08477654705214059,0.15165561222434987,-0.08657782683752498,0.1462393340984949,-0.012163173316121928,-0.09298489512805305
