asset,period,horizon,R1_rho,R6_rho,R6_partial
SPX,2005-2010,5,0.3089259399604227,-0.07598179902358937,-0.1258082479576362
SPX,2005-2010,10,0.3388234890632698,-0.0361937217840392,-0.08889805936926362
SPX,2005-2010,20,0.32990661111236586,-0.04613466257677264,-0.09791889991665415
SPX,2010-2015,5,0.17813792441521226,0.10632789733136672,0.07864132407035304
SPX,2010-2015,10,0.1891879535449231,0.14984134523518344,0.12183868618183777
SPX,2010-2015,20,0.1556715850301263,0.11658556505480357,0.09276668609136249
SPX,2015-2020,5,0.23462233700985277,0.12095963044428212,0.08746333996653798
SPX,2015-2020,10,0.2209461789567382,0.10081892319429113,0.06850314649387677
SPX,2015-2020,20,0.18821308142431348,0.08013819614529795,0.052024797323955076
SPX,2020-2025,5,0.19330623883722364,0.12957505696865187,0.10801696215701742
SPX,2020-2025,10,0.20926634315456377,0.12151388105783043,0.09765113110218562
SPX,2020-2025,20,0.21098523725713025,0.1250669195947397,0.09988683799563065
NASDAQ,2005-2010,5,0.28553307340701717,0.132772046405296,0.09057096951214619
NASDAQ,2005-2010,10,0.31455947062249867,0.19319013685307354,0.150856461826075
NASDAQ,2005-2010,20,0.30673552678576654,0.19924983291048604,0.1582831660999357
NASDAQ,2010-2015,5,0.14778440137687057,0.069093149733151,0.04386010904266919
NASDAQ,2010-2015,10,0.1768483578388665,0.08785612461953418,0.05808452990738183
NASDAQ,2010-2015,20,0.15033976796692236,0.07943586594729224,0.054040496242789726
NASDAQ,2015-2020,5,0.21124114416176276,0.12064212843542843,0.08398862213866948
NASDAQ,2015-2020,10,0.20753677165862372,0.13214055259095675,0.09662281834228768
NASDAQ,2015-2020,20,0.17724190506977966,0.11942598046882492,0.08882392195382129
NASDAQ,2020-2025,5,0.19722833651536617,0.014581720761224366,-0.008137910279618578
NASDAQ,2020-2025,10,0.23495603738741158,0.0494689090503301,0.023204366596531217
NASDAQ,2020-2025,20,0.24400488032527115,0.06245734860193554,0.03511777476105992
KOSPI,2005-2010,5,0.14837443338594788,0.05148627823957432,0.0299394868334585
KOSPI,2005-2010,10,0.14307856144899717,0.0348580353318724,0.01373346991739622
KOSPI,2005-2010,20,0.15467247657403715,0.06431432205596907,0.042135842225412945
KOSPI,2010-2015,5,0.08492091244642241,0.03362101922412788,0.02738888579056952
KOSPI,2010-2015,10,0.12093002292079867,0.07032839256838382,0.06183073489232884
KOSPI,2010-2015,20,0.10647748433993877,0.12565425951053244,0.11862929298505723
KOSPI,2015-2020,5,0.09509205966236411,0.06664985080492229,0.052015087348514136
KOSPI,2015-2020,10,0.11603532114313914,0.08320505363646273,0.06552777905090051
KOSPI,2015-2020,20,0.10956580348289396,0.07868505314034259,0.06195001084656922
KOSPI,2020-2025,5,0.12754432582892178,0.05005682303264734,0.025124243311058347
KOSPI,2020-2025,10,0.14679396360600053,0.0726988311000745,0.04474789725549267
KOSPI,2020-2025,20,0.12648426308207517,0.1164025993964459,0.09416593182336618
KOSDAQ,2005-2010,5,0.2733212252628691,0.1292676511878091,0.11337113968759878
KOSDAQ,2005-2010,10,0.2679089249596997,0.10115196935403958,0.08435001048436051
KOSDAQ,2005-2010,20,0.2517500526385713,0.102995128713897,0.08713808184593519
KOSDAQ,2010-2015,5,0.206772275142477,0.14318495625604116,0.13008964061855025
KOSDAQ,2010-2015,10,0.18795623853271937,0.14597337565188392,0.13395094446127315
KOSDAQ,2010-2015,20,0.19838637541289833,0.1585440874708223,0.1462556218573938
KOSDAQ,2015-2020,5,0.22223295843622928,0.10710378115357072,0.07542814926326484
KOSDAQ,2015-2020,10,0.20399561455903734,0.10568156136842992,0.07657433328780504
KOSDAQ,2015-2020,20,0.17872001655474584,0.09422819046052353,0.06843865863659696
KOSDAQ,2020-2025,5,0.20000650561637878,0.12157910860895768,0.09437487824242569
KOSDAQ,2020-2025,10,0.19288256683811425,0.1402206370433795,0.11504118754707382
KOSDAQ,2020-2025,20,0.17620139594684137,0.15932041941183273,0.13675650928385705
Samsung,2005-2010,5,0.06196530487821846,0.04265454032761869,0.031024144731861995
Samsung,2005-2010,10,0.07583964110992106,0.029161678764354652,0.014427379898441731
Samsung,2005-2010,20,0.07244636408318501,0.06285347286918537,0.04958036205050351
Samsung,2010-2015,5,0.012479400751200668,0.036316496831779066,0.03460455895594349
Samsung,2010-2015,10,0.0698286666007829,0.03859613614065244,0.026156963988529194
Samsung,2010-2015,20,0.06976084707841876,0.027552952873653034,0.014903910393553514
Samsung,2015-2020,5,0.00385281683890269,0.050982445429962095,0.05174299892474459
Samsung,2015-2020,10,0.020871771254785388,0.07459666423599891,0.07165219362879206
Samsung,2015-2020,20,0.05466760285626094,0.11316428710662776,0.10267786911778458
Samsung,2020-2025,5,0.10004127220929815,0.024114783926731782,0.001843080673095938
Samsung,2020-2025,10,0.10231134358663571,0.04337803601125504,0.02143030815721618
Samsung,2020-2025,20,0.1453424219528322,0.05931245045912837,0.028666857499737054
SK Hynix,2005-2010,5,0.1203554525280735,-0.0017288210977314802,-0.017996158756789858
SK Hynix,2005-2010,10,0.1454008139190427,0.01035602267819724,-0.009124251222775284
SK Hynix,2005-2010,20,0.14433396202039478,0.11979760825220051,0.10260901920276148
SK Hynix,2010-2015,5,0.047701880962803485,0.025091289649649975,0.017228671641240197
SK Hynix,2010-2015,10,0.07435424331726886,0.06763018253721947,0.055922649214452086
SK Hynix,2010-2015,20,0.09635336520366951,0.0879562622755178,0.07292825562839955
SK Hynix,2015-2020,5,0.02829489399867545,0.011737569492642534,0.005682794591078571
SK Hynix,2015-2020,10,0.061333815844990223,0.010319037909322027,-0.003192678024907523
SK Hynix,2015-2020,20,0.05914765608925946,-0.0011520562604424621,-0.014477797219982949
SK Hynix,2020-2025,5,-0.004112384717179007,-0.03220652016586683,-0.03229116042936609
SK Hynix,2020-2025,10,0.04322586593291528,-0.02306884785971528,-0.0360014351948604
SK Hynix,2020-2025,20,0.07249031820938963,-0.032750711823903975,-0.05430525733942362
NAVER,2005-2010,5,0.052322088127265944,0.07844100946791625,0.0760291750659433
NAVER,2005-2010,10,0.03649486570201381,0.05588202179449245,0.05416465971444507
NAVER,2005-2010,20,0.07660229288090405,0.056550438878701585,0.05294981060926963
NAVER,2010-2015,5,0.03712266158704178,0.012135617340761105,0.006718267554120884
NAVER,2010-2015,10,0.022732033775676112,0.011290530984772779,0.008015459602787624
NAVER,2010-2015,20,0.0034354621909505247,0.05192772047922729,0.051992360596634146
NAVER,2015-2020,5,0.08894389845914089,0.019628964371071023,-6.628512892660833e-05
NAVER,2015-2020,10,0.0749859985183339,0.07796147246462833,0.06309790837276472
NAVER,2015-2020,20,0.08545766812733359,0.11970222078897898,0.10372525024191626
NAVER,2020-2025,5,0.029588992623970894,-0.009846934153912012,-0.017114197879184466
NAVER,2020-2025,10,0.057554158483309636,-0.015465427828808644,-0.02988257946422135
NAVER,2020-2025,20,0.08215401611896271,0.047973588840698335,0.02896042200971816
LG Chem,2005-2010,5,0.07596427399680589,0.08590571624807343,0.08124836424115549
LG Chem,2005-2010,10,0.0776333298453106,0.12205741182513295,0.11748905326719417
LG Chem,2005-2010,20,0.039233144832836075,0.12482289740601477,0.12257064874622327
LG Chem,2010-2015,5,0.03468208924349277,-0.002824804367700252,-0.006932048560289659
LG Chem,2010-2015,10,0.08492727992664015,-0.005317573591512223,-0.01540954056404857
LG Chem,2010-2015,20,0.1065419212216732,0.011274923496202733,-0.0011985401104442747
LG Chem,2015-2020,5,-0.01361835435642446,0.08561232649666717,0.08743640838178952
LG Chem,2015-2020,10,0.054596804642237984,0.10905574989883637,0.10424204142954382
LG Chem,2015-2020,20,0.07175361183911348,0.08975656835288204,0.08316646585080092
LG Chem,2020-2025,5,0.004424424073557287,0.005245104826417635,0.004779957195934887
LG Chem,2020-2025,10,0.04978002612146366,0.0236567796865141,0.018349078187278167
LG Chem,2020-2025,20,0.06143979706732431,0.0629737371796057,0.05675580038106665
